<Rock_album>
<Izvodac>Porcupine Tree</Izvodac>
<Album>In Absentia</Album>
<Zanr>Progressive Rock</Zanr>
<Godina>2002</Godina>
<Ocjena>5</Ocjena>
<Opis>Porcupine Tree je moderni Prog Rock band. Makar zvuci kao light hearted muzika, obraduje jako mracne teme, te se lagana Rock muzika prekida efektnim i neocekivanim Metal riffovima. Sam album obraduje temu poremecaja ljudske psihe te je jedan od najboljih modernih Prog Rock albuma. Stevena Wilsona s pravom proglasavaju modernim Pink Floydom.</Opis>
</Rock_album>